"","R1","R2","R3","R4","R5","R6","R7","R8","R9","R10","R11","R12","R13","R14","R15","R16","R17","R18","R19","R20","R21","R22","R23","R24","R25","R26","R27","R28","R29","R30","R31","R32","R33","R34","R35","C1","C2","C3","C4","C5","C6","C7","C8","C9","C10","C11","C12","C13","C14","C15","C16","C17","C18","C19","C20","C21","C22","C23","C24","C25","C26","C27","C28","C29"
"theta_A",5.61951528768986,2.08269492024556,9.03380009578541,8.48050212021917,6.89679546048865,8.30859374487773,6.30861287703738,5.52051577251405,9.30470088263974,9.05024755047634,9.8254050151445,3.11875865329057,5.76862970134243,8.555084282998,6.9095900747925,1.49914872599766,7.72619648836553,8.35211120545864,4.04614332364872,8.26312782708555,1.71574105741456,3.45239359885454,5.68429136648774,8.26045990688726,9.3216264154762,7.62371442047879,4.76522966520861,3.9928033342585,2.6148578687571,1.05742660118267,3.81503936601803,4.27519268356264,2.70687147276476,2.60662466753274,9.07768292352557,2.75201583746821,7.43053403683007,4.18443825561553,7.16263472102582,6.2862107064575,4.40288071753457,3.31940551055595,8.02876611007378,4.12767186528072,4.98723326949403,2.98567812889814,8.44963345210999,9.10040838876739,7.61950323823839,4.15790306171402,2.40876871859655,1.67899502441287,6.55651622219011,6.28822128521279,7.03535825479776,3.41856594663113,3.90530708245933,1.74808514071628,9.1011075861752,3.5260450700298,9.84446770744398,9.80830351822078,2.52965076128021,4.68325664289296
"1",0.175730343908072,8.14244876382872,6.93339189048856,9.5058908755891,2.55726614734158,6.43300160299987,0.0283054681494832,8.69981902418658,0.600989507511258,1.84683337341994,5.65399740589783,0.354134312365204,7.78007147833705,7.62645241804421,5.7532158610411,3.11818262794986,6.03692031698301,8.25916358502582,0.184876709245145,4.46900860639289,3.78771657822654,7.29937045602128,9.2695437790826,6.14466010127217,8.3842432196252,5.53252146113664,0.693481483031064,3.54915277566761,5.69021037779748,5.90010580373928,5.89883433422074,5.56848348584026,7.18920806189999,5.1111346622929,6.16196548566222,9.14373882813379,3.40018418151885,1.92798168864101,1.3591511035338,4.36916638398543,1.35482320096344,9.21430320013314,9.52066675294191,1.64102083304897,1.13272506045178,7.2284694807604,8.0814352305606,9.16996617801487,6.32130878511816,5.14205909101292,0.96836059121415,1.33727391948923,5.02935060998425,6.24456986086443,9.73121143411845,6.40397044597194,9.45971677778289,9.66458321316168,6.07758540660143,1.53465649811551,2.48775940388441,0.579334993381053,7.17631816631183,3.32465240499005
"2",1.8462041990933,6.75555225075934,7.44651607111367,9.12515644213469,3.63832250241955,6.62330354835061,1.91293115970462,7.98028552703113,3.15473692447334,3.45904832105769,6.69360971214241,1.86580931449533,7.49353350991479,7.47456047995231,5.41528511211285,2.54191219600205,6.70350453136467,8.27891300283451,1.50677475296414,5.04728830103882,3.29033052842542,5.30053752906551,8.3384196190059,6.8056516877279,7.58427312479335,5.75991980194709,2.46539811094788,4.09717867729644,4.76479210119929,3.48402651093792,6.22314550033481,4.67871484713053,5.31404185522372,3.68533386186586,7.62034566168154,7.44029818434583,4.37896074112286,2.17963512063245,2.76766727961784,5.2050332109924,2.01658012520664,7.65437050629533,8.98612893220675,2.63235433204067,1.85560689520693,6.30621232143173,8.15318185082792,8.82330228672677,6.68100753973306,4.83231255796623,1.34030218271888,1.10170179078983,4.85845589042678,6.44047681571851,8.78456012173983,5.98634047668618,7.72793690459114,7.16422433980264,5.33262181864604,3.90200451084922,5.14907414658111,4.54947489622507,4.25463275756786,4.93218161693059
"3",2.94015028482662,5.65877276519434,7.71142889839613,8.69049570057878,4.51707737293583,6.81854584794386,3.07778148998642,7.38150169471994,4.92233379223374,4.74029246742536,7.49553055076537,2.88123892085142,6.82616198594786,7.29603533387918,5.50337419622202,2.22048185173665,7.10663387416786,7.98200497813896,2.36136541376023,5.75377078161778,2.95464809474795,4.59007871898795,7.34925349251765,7.11828951096713,7.42125522271077,6.08597030682778,3.59701825406882,4.35832004429457,4.09642333365205,2.46389208322176,5.93825050772456,4.49765723906338,4.60117050730246,3.03743972291875,7.95542667350256,6.2876790896937,5.13303882897404,2.72232741051421,3.86563198622502,5.64131223090149,2.71881419483063,6.49623429269178,8.53323666159028,3.30274519350175,2.68914645026607,5.24156143084893,8.15685741500388,8.39097271790801,6.9368680047957,4.57128251923314,1.85275765456311,1.45996748350388,4.93896672706173,6.53424828075108,8.13275485493831,5.73694135448309,6.7587164321826,5.78246509750668,5.38437594762508,5.03435569958252,6.68730996955356,6.63309018117945,3.24803584750777,5.73380233129849
"4",3.78339049233225,4.86531017956681,7.82985257098703,8.3293307120992,5.15312042088303,6.98929293061799,3.90260567960232,6.86286368312409,6.14734904427282,5.78381645863065,7.89628107031552,3.62578300015055,6.24712817152583,7.123412632479,5.74464413064187,2.21821389851317,7.25019092882478,7.59798903006818,2.99770206295675,6.2837045995672,2.84943347772771,4.44417980149218,6.55795049549201,7.28988227624424,7.45736244298771,6.35834998774568,4.33167913014606,4.39782828303296,3.6985427760145,2.16553330529376,5.49856018126891,4.60302508321495,4.35940386273411,2.85049466208205,7.85293182010682,5.5150521647756,5.69635744092887,3.21826001315064,4.73017371729041,5.86605837762385,3.26040411394116,5.58223025292939,8.25236732343481,3.71859493465736,3.30083118837426,4.52350524160638,8.12755976244928,8.09209451652276,7.06643971288838,4.38421563440783,2.34640771032659,1.93563962346233,5.22423367842527,6.47902774357202,7.60035830811618,5.56592643787787,6.25085832721165,5.09042663148806,5.6873044592602,5.51670161589297,7.55997834239267,7.72553380071397,3.03021721112485,6.05444102282643
"5",4.3928550162653,4.28749089054223,7.95120010934459,8.05283538385935,5.51756908144392,7.11561908123247,4.52039477304249,6.41648720114955,6.92120821926201,6.49016135441776,8.13400699680484,4.02171301699684,5.90966928985124,6.96860943989879,6.01220093565155,2.38317918443105,7.31533189335232,7.35940778095972,3.4691868640353,6.53853915282488,2.84958070163541,4.52144026216815,6.12756421275418,7.43991530445235,7.53314216857449,6.5501267837656,4.80378669852083,4.31338656374399,3.51440031948134,2.17044904514507,5.08205557082072,4.79853732413012,4.29635567210752,2.88168812505643,7.61898473204545,4.90435882344203,6.09075365694078,3.64654953701224,5.41710243586888,5.99054103215214,3.70305863700652,4.91436973238787,8.10743741496677,3.96860883030682,3.77205519482606,4.22148843588882,8.0778496105133,7.9771798900759,7.17662288899415,4.2979535591816,2.78953036159317,2.3845397242075,5.57615316465867,6.40559023028964,7.1765767681815,5.43603720581319,5.98189690077861,4.61989821394441,6.05195201094298,5.68084990459953,8.05369232314102,8.29325050471927,3.12637717422274,6.11429162065917
"6",4.78135581488778,3.89003777214976,8.06200986983086,7.86080743032024,5.72350659374932,7.21303267426837,4.93387053897598,6.08680489203577,7.43454424095724,6.92938237650256,8.30225144153958,4.1323276376053,5.71686386258415,6.84474399695358,6.24861247076135,2.59235316389677,7.36725755151562,7.24522175254933,3.82365079438478,6.66918096604944,2.87937005101827,4.66236231864492,5.91938765997407,7.57342696571281,7.60167552285089,6.67651137456363,5.10278317170605,4.22260284934056,3.44316656636556,2.2909577174553,4.71907931712924,4.99451482668297,4.29616737117633,3.0046941687459,7.35681367622798,4.45940733387404,6.34666190977392,3.97433028601497,5.90875834631273,6.06923577331154,4.09441795466665,4.52933895366677,8.0168604004554,4.09978407923685,4.10972901318023,4.09547134308246,8.02683552526951,8.01458852139779,7.29826204634431,4.27391253294401,3.1787785836092,2.77029247693744,5.90836247826906,6.3612821101838,6.96238934296722,5.33142688951276,5.83875660506948,4.27208273948574,6.38814966731013,5.70066001124397,8.34554566903961,8.60304362109289,3.32958414596722,6.08242508140259
"7",5.02561058356407,3.64389274283163,8.15081978304694,7.73556336949119,5.85855966687576,7.29586632444332,5.18872335338303,5.8713032337116,7.76318713676625,7.21733805010086,8.41981469013749,4.11793241967081,5.60552089734597,6.75795958364582,6.4332656191593,2.75342772517809,7.41524128012787,7.19728886365062,4.08809788564573,6.76615885801485,2.91002702532981,4.79774178086189,5.82372604991175,7.68987169668498,7.6548224339671,6.7589457884287,5.29061571861042,4.15768792815129,3.42123645832556,2.43547725421988,4.42547876025544,5.15522671200909,4.31549216154456,3.1482701614893,7.11946364846443,4.16596976459397,6.51147082124845,4.20303050685703,6.22375066403639,6.12831892090039,4.42066013312349,4.32470613180448,7.95139123612229,4.16189729299093,4.33643155698455,4.04737679884872,7.9868773624785,8.11536063199943,7.41595856623968,4.27536974943348,3.48296810961878,3.07383642227376,6.17790982571439,6.34461028298624,6.87726195266685,5.24737940757711,5.76559139579889,4.02779075584279,6.65418700846246,5.66580841397574,8.52868012012571,8.78310101539716,3.53583137279012,6.03719037227303
"8",5.18937947071851,3.49926568114034,8.21736083934391,7.65803351776256,5.95642693983059,7.36604625878798,5.3529614193172,5.73723296508674,7.97357487440967,7.41251115738871,8.49858725218846,4.06229777972958,5.54340734113906,6.70340479649797,6.56830938517748,2.84652684206026,7.45447361418341,7.18094374243982,4.28064973328956,6.85251137304539,2.93388090404337,4.90652500358986,5.78592304814249,7.78980259166713,7.69553060181765,6.81469876885251,5.40981838782118,4.11863986766619,3.41820692864602,2.56413104347618,4.20530682003447,5.27547376214241,4.33954234085089,3.27724659100037,6.93037633570026,3.97111513649441,6.61979789996747,4.35949022266463,6.42012227445855,6.17540506702104,4.66841202647827,4.21313297020467,7.90258966136649,4.18997481518971,4.49381427925861,4.03196220137389,7.9603132057717,8.22289991081675,7.51567205652657,4.28470581066269,3.68714106606471,3.29502442305674,6.3759516951616,6.34312835236549,6.85076096113483,5.18305421602925,5.73177521023223,3.86568383351405,6.84870283971517,5.61842374372729,8.65132686328098,8.89377864754492,3.70393220757563,6.00241630535999
"9",5.30575455544921,3.41449375616138,8.26601101260194,7.61275905676525,6.02961742593843,7.42304541999425,5.4658821194273,5.6584389500127,8.11125662801154,7.5469754799447,8.5506041734444,3.99849255852331,5.51120884952869,6.67179175688234,6.66387675145138,2.8890686050114,7.48422481939849,7.17914741787615,4.41936976777198,6.92952669108153,2.95064997387864,4.98760966487814,5.77808836231239,7.87414970892106,7.72718857469522,6.85423056040364,5.48708257513864,4.09780230815297,3.42133527834733,2.66752853552148,4.04676147751578,5.36160397418911,4.36294853727748,3.38081853481086,6.78891350378048,3.83745051560779,6.69331083803184,4.46685802490849,6.54512890184508,6.21350207898041,4.8465057263697,4.14802765290526,7.86643596789839,4.202009601768,4.60887950437032,4.03025069673157,7.94438367900181,8.31538595527342,7.59352831871488,4.29549347917255,3.81207924935098,3.4505600740642,6.51305864608936,6.34959819025844,6.8493067005508,5.13680647943944,5.71951013480919,3.76289885856191,6.98717061677312,5.57577114187997,8.73865902382372,8.96476042329619,3.83006449726525,5.9809709351362
"10",5.39131398573229,3.36363440136882,8.30135039398774,7.58803711914763,6.08482437619635,7.4678682309032,5.54705493104492,5.61595815141446,8.20358091758586,7.64048609493336,8.58506081988166,3.93874610348045,5.49664018116719,6.65481778927559,6.73068346530566,2.90067300512654,7.50636233642289,7.18378320108835,4.51958133974471,6.99555614239529,2.96193016859036,5.0461500764451,5.78539060280638,7.94428167803271,7.75219393024015,6.88346652440417,5.53855049364917,4.08817000138548,3.42573064508104,2.74776623868634,3.93432530299574,5.4222516467761,4.38382111280107,3.45940528039151,6.68593620916822,3.74284866381599,6.74491709512772,4.54116601340835,6.62746153246849,6.24459028657235,4.9722374672516,4.10697960515629,7.84023923464454,4.2064470909537,4.69567691152671,4.03425194577216,7.93565857873945,8.38825737406629,7.65155571777705,4.30554432219305,3.88625090400885,3.55909226647857,6.60522441136722,6.36176953375389,6.85801535134748,5.10546918263629,5.71845683989494,3.70020543738736,7.08568811550285,5.54313198773682,8.80396692627645,9.01175876814975,3.92212606042169,5.96988157668892
"11",5.45533315848092,3.33194807119931,8.32699749974992,7.57572115050777,6.12658911545291,7.50245563057923,5.6068983480369,5.59606045838324,8.26671811019668,7.70593302778984,8.60813194401147,3.88701113281243,5.49199186948239,6.64658923767347,6.77744169562981,2.89521192482989,7.52288918050022,7.1909391121862,4.59260087614281,7.05001740920584,2.96937248899981,5.08802904024409,5.79971236490068,8.00191420150427,7.77220452820259,6.90583394673352,5.57391177410025,4.08491084056161,3.4297203056231,2.80940664732541,3.85463790939482,5.46491579992495,4.40172248671566,3.51723809071651,6.61161062236665,3.6740291574579,6.78224496249973,4.59326669196795,6.6835131073099,6.27013086726287,5.06131794257595,4.07907860986711,7.82183762429707,4.20729105985924,4.76205052825077,4.04040014156503,7.93143158278622,8.44331569777134,7.69367205637012,4.31419877528776,3.93104453253718,3.63530084085954,6.66658719522989,6.37955179261304,6.87015188689596,5.08535319012553,5.7227642097147,3.66344111133419,7.15648097163634,5.52048481917733,8.85447500636901,9.04364926219453,3.9890083557638,5.96558223748751
"12",5.50367395385133,3.31123548960116,8.34560974188215,7.57054641568961,6.15824328284517,7.52887973295214,5.65163701548209,5.58943542105173,8.31049691854523,7.75199769379998,8.62379587605455,3.84386635019403,5.49258636939982,6.64334042064716,6.81048433310404,2.88126481968262,7.53530531728117,7.19870708761105,4.64633206404539,7.09364197620381,2.9742469369609,5.11809613912023,5.81657698334507,8.04888394630638,7.78839067268059,6.92339602873343,5.5989940664864,4.08502661494384,3.43288059177506,2.85668350192024,3.79769919761111,5.49519144928699,4.41679870879498,3.55914974584036,6.55783779127187,3.6227746256839,6.80989284712567,4.63039166555957,6.7227518103335,6.29120461977793,5.12531023094666,4.05883519618133,7.80937850031566,4.20648893213215,4.8130340984608,4.04702722906352,7.92984890258466,8.48402655960129,7.72378138163026,4.32137017552382,3.95953149387405,3.68945448271499,6.70754820192797,6.40351330019708,6.88261587293614,5.0731109884669,5.72923550245104,3.64289545831213,7.20799428866832,5.50590630618791,8.89434036532875,9.06570011968763,4.03781612582618,5.96529720090479
"13",5.54036641402878,3.29692108603638,8.35911201341299,7.56928962419511,6.18227959635282,7.54897562611431,5.68536673485095,5.59014731343632,8.34112751082384,7.78461707518385,8.63459804168548,3.80857350719511,5.49568858647835,6.64279629325436,6.83416692624242,2.8637802150804,7.54466063172266,7.2061691618237,4.68622400194325,7.12790561727309,2.97743518079218,5.13990555106845,5.83356274096878,8.08695306401428,7.80159135680694,6.93744630359183,5.61732874979536,4.08676047792398,3.43523214794707,2.89296297644998,3.75647294286485,5.5169729066704,4.42938804085352,3.58936457579393,6.51858892932469,3.58384307684262,6.83073813002055,4.65730413702508,6.75083951781924,6.30862473063729,5.17209667733002,4.0433813445234,7.80130010976416,4.20500162810569,4.85221780806676,4.05334979813747,7.92972109142976,8.51378935021889,7.74512552757462,4.32718490487233,3.97896174161743,3.72845013504015,6.73516069995575,6.43427752946627,6.89404152700651,5.06610285114111,5.73619884148377,3.63219583751686,7.24592355613399,5.49716807246223,8.9261561381894,9.08116416197974,4.07370098292349,5.96715907605394
"14",5.56831473251257,3.28642008742782,8.3689085945383,7.57005277978518,6.20057026753152,7.5642398277269,5.71094959937437,5.59457694235965,8.36267786480497,7.80787496607087,8.64217424208618,3.77998024137345,5.4997608799744,6.64362735288582,6.8514103909823,2.84544317880043,7.55170253771277,7.21291467236174,4.71605778540368,7.1544975489407,2.97952224086786,5.15593273511209,5.84943135070196,8.11769877132171,7.81241805598021,6.94883046396442,5.63108637191953,4.08912734914039,3.43692293472463,2.92081821735402,3.72614896371878,5.53288789477382,4.43985692696987,3.61118420567919,6.48958255750674,3.55378617431085,6.84666118755585,4.67713896751752,6.77130035893344,6.32302391029483,5.20692309416711,4.03114924422721,7.79634303437961,4.20330146406131,4.88230786596798,4.05902514770023,7.9303178237725,8.53542314786418,7.7601882029908,4.33183640233566,3.99316211357415,3.75688759602308,6.75403483609993,6.47225866647595,6.90392548519539,5.06242178131465,5.74283390587332,3.62728899606123,7.27412932085501,5.49236350753592,8.95168579292791,9.09211995528934,4.10029384484947,5.97000586024116
"15",5.5896627288248,3.27824870193592,8.37604045587648,7.57175301918255,6.21452190543032,7.57584297488147,5.73045087709638,5.60059679720259,8.37788900670474,7.82458583875967,8.6475833153645,3.75690902397207,5.5039799097321,6.64507599353829,6.86416065563382,2.8276009980001,7.55698222579677,7.21879833994867,4.73849509186492,7.17500780018745,2.98088851852159,5.16786935929618,5.8636269458743,8.14247379071841,7.82132686456161,6.95812728208983,5.64163072959894,4.09160121172274,3.4381119020609,2.94220660594634,3.70347409827638,5.54469381891964,4.44854109421705,3.62704159683033,6.46784278076095,3.53026554307848,6.85894236209201,4.69197752737227,6.78641226344247,6.33491154435563,5.23328175911168,4.02123160626058,7.79353755889889,4.20161390103559,4.90539006433645,4.06393802467695,7.93121034772061,8.5511077549495,7.77079581242295,4.33552424015052,4.00411474963454,3.77786063294871,6.76714186036895,6.51748639922572,6.91219010224574,5.06076907843341,5.74878328104321,3.62566238846258,7.29527206519521,5.49006314371471,8.97221825241755,9.09993873344603,4.12014765217253,5.9731558865158
"16",5.60601202107975,3.27154095785609,8.38129543990586,7.57379198558597,6.22519137027332,7.58468069591379,5.74538540023988,5.60700532158123,8.38864490929107,7.83669216490505,8.65151611530573,3.73830814149004,5.50793630569429,6.64672251806306,6.87372134018897,2.81084977249813,7.56091784477127,7.22381278753357,4.7554405464634,7.19079385577432,2.98177968829237,5.17687024465119,5.87598047884773,8.16240875443989,7.8286677425662,6.9657524072191,5.64984434338801,4.09392097394458,3.43893285560306,2.95862392631435,3.68624658367288,5.55357185367681,4.45573078464256,3.63867221636852,6.45131494397579,3.51164927423278,6.86848409022234,4.70322265096794,6.79769676598237,6.34470810582756,5.2535270633606,4.01306618261076,7.79216674238268,4.20003873591985,4.92308174947223,4.06809032105523,7.93216193358104,8.56247173823863,7.77826259273892,4.3384298757236,4.01285931551607,3.79348127377631,6.77639426640073,6.56944600495936,6.91895479900545,5.06029746560947,5.75393359504422,3.62579554493528,7.31122132612687,5.48927509073472,8.98874291479558,9.10555338471364,4.13507064095114,5.97623392722998
"17",5.61856644298357,3.26578611090489,8.38528236758404,7.57585267513084,6.23337318577516,7.59143023338217,5.75687414345879,5.61316179505627,8.39625743423701,7.8455380216841,8.65442754816034,3.72329395787143,5.51145359950991,6.64834427061316,6.88097747342262,2.79539459774143,7.56383173695937,7.22801886663494,4.76827805413551,7.20295266448877,2.98235465030041,5.18373118952205,5.88653349186125,8.17843415237141,7.83471693548323,6.97201833184179,5.65631857939799,4.09597415949348,3.43948848325505,2.97121909224638,3.6729634158809,5.56032662017045,4.46167200757985,3.6472934668997,6.43857633924135,3.49676873545938,6.87593996637065,4.71183730409327,6.80619843804437,6.35276554933032,5.2692762571922,4.00627793712382,7.79171845640978,4.19861221222216,4.93663615506453,4.07154122254931,7.93305478515775,8.57071002904314,7.78352402758212,4.34070880834355,4.01997057504449,3.80521535531367,6.78303091001693,6.62695110409501,6.92441585632494,5.06047292422387,5.75829448639285,3.62679158486807,7.32331494080457,5.48934700871038,9.00204109513755,9.10961824006232,4.14635658898003,5.97905215542212
"18",5.62823381439706,3.26068552413722,8.38847649413238,7.57777844166203,6.23966533826018,7.59660081856695,5.76575139324742,5.61875767965227,8.40164753221794,7.85205732642282,8.65662059645197,3.71114669182273,5.51448155887088,6.64983214243861,6.88654061825443,2.78126401184786,7.56597397619475,7.23150697405087,4.77802612192653,7.21234248122379,2.98271689884278,5.18900891192499,5.89543332189841,8.19130867819513,7.8396977276128,6.97716916702783,5.66146462968626,4.09772875097167,3.4398542964546,2.98087732894139,3.66258436006951,5.56551618633652,4.46657218552171,3.65375404333082,6.42863272653315,3.48476865730509,6.88179320383075,4.71849540613291,6.8126507103359,6.35937998464181,5.28166361427046,4.0005989969915,7.79183758351905,4.197339357741,4.94702144790071,4.07437405784513,7.93384244154867,8.57669087463679,7.78724317500484,4.34249000165152,4.02579797620131,3.8140963891748,6.78786326649441,6.6881165735481,6.92878513587074,5.06096940176415,5.76193270092155,3.6281375761293,7.33252488466795,5.48986783257311,9.01273869789404,9.11260613001471,4.15494047140189,5.98153319479754
"19",5.63570012744403,3.2560730638844,8.3912418580971,7.57950226735831,6.24451861772878,7.60057461954924,5.77264092906265,5.62367584781177,8.40546496693401,7.85690272495321,8.65829999971749,3.70128926529025,5.51703461913889,6.65114133717099,6.89084163678391,2.76842928230266,7.5675387002658,7.23437574908686,4.78544183443871,7.21962227617999,2.9829345724221,5.1930996950828,5.9028716982908,8.20164747026162,7.84379362768389,6.98140102591766,5.6655786785946,4.09919395484928,3.44008472941478,2.98828133497094,3.65437736628327,5.56953527735596,4.47060604850672,3.65864625390845,6.42078019676932,3.47501244141685,6.88640656087934,4.72367754986785,6.81757804091036,6.3648003773168,5.29150068338264,3.99582735573649,7.79228443866925,4.19621101498909,4.95498296276462,4.07667806774784,7.93451919628389,8.58104186276158,7.78988979959815,4.34387830246979,4.03058054433456,3.82086336378312,6.79143040960231,6.75050468974942,6.93226104487325,5.06159456966589,5.76493686103789,3.62955236631672,7.33956573540741,5.4905886534159,9.02134027426183,9.11486744715828,4.16150401939688,5.98366201595278
"20",5.64148454746329,3.25186740143035,8.39383775379863,7.58100589404536,6.24827351042927,7.60363856573727,5.77801110901732,5.62790502930702,8.40816960755638,7.8605334830282,8.65960655881666,3.69326257896098,5.51915711935197,6.65226241326418,6.89418992693141,2.75685948749867,7.56867628880407,7.23672077273865,4.79109207915389,7.22529277318778,2.98305315371021,5.19629055576872,5.90904980666942,8.20994753420169,7.84715691537659,6.98487429709584,5.66888070578941,4.10039804560434,3.44021874462426,2.99395728430369,3.64781822332923,5.57266846126599,4.47392067003684,3.66238604775455,6.41451306367881,3.46702063386819,6.89005546174923,4.72773251842591,6.82136104845205,6.36923528058734,5.29937809501285,3.99180497741025,7.79290147313068,4.19521283494011,4.96109260659068,4.0785387724828,7.93510042129086,8.58421542905386,7.79179688317271,4.34495785317006,4.03449972657845,3.82605111235912,6.79409614606165,6.81146073990634,6.93501682969149,5.06223989778739,5.76739918103874,3.63089179505664,7.34496754372519,5.4913652851628,9.02825338947098,9.1166647762818,4.16654818191265,5.98545660773918
"21",5.64598052270817,3.24803911519319,8.39642003678267,7.58229639816552,6.25118774009428,7.60600849056353,5.78221500849613,5.63148855208247,8.41008758680483,7.86327531268655,8.66063899427733,3.68670264566076,5.52090423486136,6.65320434382288,6.89681157358222,2.74653427635818,7.5695027432137,7.23862906216308,4.79540349538906,7.22973255389214,2.98310351250485,5.19879270293551,5.91415943031712,8.21660953326599,7.84991446569423,6.98772141688747,5.67153813580486,4.10137617985123,3.4402842713712,2.99831007622565,3.64252540524254,5.57512445362617,4.47663959645649,3.66526835713681,6.40946282739928,3.46042947087722,6.89295077419061,4.73091756685448,6.82427930239695,6.37285857887906,5.30573156083993,3.98840557418571,7.79358805312598,4.19432990324873,4.9657879518424,4.08003334053203,7.93560971652873,8.58653738535828,7.79319986138934,4.34579558365306,4.03770283793946,3.83005073776821,6.79611008163692,6.86855270295957,6.93719780366436,5.06284812476619,5.76940649326058,3.63209063581645,7.34912609809354,5.49211903167168,9.03380729181359,9.11819156193809,4.17044356580455,5.98695053085745
"22",5.64948664128309,3.24458521583151,8.39904873120811,7.58339286540862,6.25345682142776,7.60784720683062,5.78551980658268,5.63449424766406,8.41145046255475,7.86536112724254,8.66146780496132,3.68132127596861,5.52233197773593,6.65398472890172,6.89887429831397,2.73743366483961,7.57010691100661,7.24017688753519,4.7986982535534,7.23322740817455,2.98310701901265,5.20076371008146,5.9183737589025,8.22195598616445,7.85217201950923,6.9900521702634,5.67368073711278,4.10216396932458,3.44030149217101,3.00165065606428,3.63821737569013,5.57705860651636,4.47886628811852,3.66750480191784,6.40535756703889,3.45496163717666,6.89525495442791,4.73342537323309,6.8265401729621,6.37581464989819,5.31088605937401,3.98552712705686,7.79428211472568,4.19354886777743,4.96940298681472,4.08122883681862,7.93607053664701,8.58824234657436,7.79426351844167,4.3464443972278,4.04031332752716,3.83315077439032,6.79764630871472,6.91995587016207,6.93892284523316,5.06339254751126,5.77103634512051,3.63312761229816,7.35233839969564,5.49281094114592,9.03826776335114,9.11958163223357,4.17346599567044,5.98818285349522
"23",5.65222985925168,3.24150976247011,8.40170810183487,7.58431889930269,6.25522941115923,7.60927794787001,5.78812840823018,5.63699735006149,8.41242264864217,7.86695889224156,8.66214402798011,3.67689038122801,5.52349235204035,6.65462427303119,6.90050410282347,2.72952209373546,7.57055598455763,7.24142943825728,4.80122014327299,7.23599321929849,2.98307880084813,5.20232248425141,5.92184391323539,8.22624624496225,7.8540175626744,6.99195762487004,5.67541040559132,4.10279433717855,3.44028517888838,3.00421730324376,3.63468406843201,5.57858796237595,4.48068707976127,3.66924925386139,6.40199453269788,3.45040464197631,6.8970937772007,4.73540241239709,6.8282987177269,6.37822303691583,5.31508654501428,3.98308670353176,7.79494722945089,4.19285858648324,4.9721921669083,4.08218207680328,7.93650121798188,8.58949938082825,7.79510071510893,4.34694591834785,4.04243554081219,3.83556570086811,6.79882818349303,6.96464644583502,6.94028764832351,5.06386408633171,5.77235580826648,3.63400469140908,7.3548281662322,5.49342539167596,9.04184913779988,9.12091577129867,4.17582185567247,5.98919260149058
"24",5.65438302589758,3.23881140197458,8.40433641845894,7.585098518199,6.25661879392075,7.61039433339135,5.79019545067822,5.63907130363908,8.41312068829797,7.86819075573637,8.66270482667649,3.67322937855992,5.52443136989264,6.65514379378258,6.90179662276817,2.7227383393984,7.57089970436494,7.24244146098317,4.80315386484199,7.23819341842265,2.98302980719946,5.20355958984967,5.92469874919497,8.22968871773663,7.85552415298851,6.99351326600353,5.67680788490026,4.10329621027659,3.44024629793317,3.00619224152149,3.63176729229699,5.57980156734431,4.4821737843732,3.67061519488236,6.39922120144742,3.44659431777685,6.89856502215739,4.73696161603385,6.82967165081143,6.38018257992151,5.3185199261191,3.98101646356129,7.79556369611353,4.19224994709578,4.97434913110683,4.08294032133668,7.93691291437652,8.59043048411575,7.79578611986594,4.34733278766215,4.04415740445075,3.83745598680061,6.79974440273565,7.0023729018208,6.94136842762156,5.06426335484768,5.77342168545398,3.6347350899104,7.35676443178293,5.49395986172915,9.04472408545735,9.12222991418325,4.17766631954627,5.9900159223236
"25",5.656078121959,3.23647787485231,8.40685662138758,7.58575404547411,6.25771149711418,7.61126775472533,5.79183922700551,5.64078330004294,8.41362686938332,7.8691462754147,8.66317718560873,3.67019509824171,5.52518859145696,6.65556270964456,6.9028250523312,2.7169950575619,7.57117371057398,7.24325835179912,4.80463944701228,7.23995215067002,2.98296810215962,5.20454452532469,5.92704642741001,8.23245079025431,7.8567523431908,6.99478159924075,5.67793757845416,4.10369420620474,3.44019307974747,3.00771458683046,3.62934683979621,5.58076770352603,4.48338598879505,3.67168754958848,6.39692181685405,3.44340218217749,6.89974499255055,4.73819112067283,6.83074731534765,6.38177494294824,5.32133095783424,3.97926043987572,7.79612250272272,4.19171533060986,4.97602119026111,4.08354235723751,7.93730988638244,8.59112383582765,7.7963669238864,4.34763054002793,4.04555243799528,3.8389423776791,6.80045958971515,7.03347445921364,6.94222545937803,5.06459589735324,5.7742813843046,3.63533652645703,7.35827525984929,5.49441868788034,9.04703158661637,9.12352653427127,4.17911657775404,5.99068484440492
"26",5.65741625353862,3.23448591051842,8.40919964152235,7.58630518415663,6.25857376933478,7.61195285372095,5.79315061039871,5.64219254881701,8.41399893370628,7.86989163352474,8.66358052059508,3.66767369976115,5.5257974196899,6.65589837024723,6.90364579464341,2.71218570805103,7.57140240636178,7.24391740341549,4.80578310268854,7.24136415077485,2.98289966907927,5.2053309560883,5.928976802564,8.23466685212677,7.85775225419491,6.9958143361271,5.67885110737733,4.10400883003117,3.44013171816158,3.00889041484556,3.62733039432626,5.58153907015749,4.48437304923859,3.67253078074042,6.39500760940659,3.44072596258379,6.90069344829253,4.73916033060018,6.83159290167388,6.38306753891902,5.3236336363468,3.97777197132191,7.79662127456302,4.19124804295054,4.9773204748197,4.08401969865256,7.93769127944145,8.59164328504417,7.79687144759682,4.34785911897318,4.04668158382134,3.84011619857669,6.80102137744812,7.05864988515697,6.94290620164506,5.06486940000207,5.77497405551652,3.63582758056516,7.35945793393326,5.49480934811627,9.04888341980448,9.12478782677656,4.18026151221314,5.99122694394353
"27",5.65847517943214,3.23280412674392,8.41131696582471,7.58676878545371,6.25925646352066,7.6124915971753,5.79419974759948,5.64335004094184,8.41427708097532,7.87047610851848,8.6639286589211,3.66557423266756,5.52628572009031,6.65616585015544,6.90430256531481,2.70819444446079,7.57160153177762,7.24444904109491,4.80666543933947,7.24250212276653,2.98282891905311,5.20596054206572,5.93056405008105,8.23644477418403,7.85856532472707,6.99665422014174,5.67958999879196,4.10425690485896,3.44006683291028,3.00980055953216,3.62564612092509,5.58215656279809,4.48517579106475,3.67319444743709,6.3934096221489,3.43848272833175,6.90145735829373,4.73992417865347,6.83225973245395,6.38411592357718,5.32551922253535,3.9765117303905,7.79706157849632,4.19084188835202,4.9783324564694,4.08439776079544,7.93805341355084,8.59203513531374,7.79731589808751,4.3480340842801,4.04759496614092,3.84104686504549,6.80146522985523,7.07875380120245,6.94344792288324,5.06509211200921,5.77553177898138,3.63622585399859,7.36038657002933,5.49514032653926,9.05036943025469,9.12598796417392,4.18116882347176,5.99166550149091
"28",5.65931496398821,3.23139682687442,8.41318373348104,7.58715899766132,6.25979872420478,7.61291631780655,5.79504107770706,5.64429905582364,8.41448906565689,7.87093665750579,8.66423140433619,3.6638235654801,5.52667653809268,6.6563779880144,6.90482941701326,2.70490535968478,7.57178048121575,7.24487796168501,4.80734768082373,7.2434222348833,2.98275903174965,5.20646577513826,5.9318691940992,8.2378711269838,7.85922576848186,6.99733653946128,5.6801877465656,4.1044520825949,3.4400017928335,3.01050662559714,3.62423724998992,5.58265206940559,4.48582793260629,3.67371704587278,6.39207346714402,3.43660407202975,6.9020737652568,4.74052621122402,6.83278716818785,6.38496576312688,5.32706180745399,3.97544626044262,7.7974471536862,4.19049093137609,4.97912242247052,4.08469692927296,7.93839182102912,8.59233300670632,7.79770935573495,4.34816756637542,4.04833355587705,3.84178740428514,6.80181778113947,7.09465336240237,6.94387985552184,5.06527199535179,5.77598068676642,3.63654714946516,7.36111781889601,5.49541995706682,9.05156179847875,9.12710223915006,4.18189031095556,5.99201989821433
"29",5.65998221330467,3.23022739403095,8.4147958427746,7.58748759188423,6.26023077525569,7.61325199457219,5.79571709030674,5.64507598091245,8.41465391235842,7.87130118755089,8.66449577006104,3.66236244844607,5.5269888037928,6.65654554924018,6.90525299472025,2.70220928418872,7.57194430483315,7.24522413845441,4.80787638244073,7.24416819737493,2.9826922064953,5.20687210441484,5.93294236884394,8.23901537975792,7.85976178088466,6.99789037623367,5.68067140942124,4.10460535283514,3.43993896218544,3.01105559995923,3.62305817046365,5.58305056174523,4.48635726854872,3.67412869864845,6.39095554048846,3.4350327961399,6.90257198032974,4.74100091294608,6.83320551354061,6.38565447402637,5.3283221644848,3.97454691052443,7.79778277769954,4.19018941748839,4.97974037071964,4.08493349214761,7.93870264981982,8.59256133417689,7.79805715672993,4.34826901571594,4.04893069154172,3.84237853764536,6.8020991882064,7.10714529838328,6.94422492777286,5.06541630458445,5.77634197169719,3.63680520297431,7.36169514108617,5.49565586165158,9.05251849172299,9.12811233565442,4.18246579987978,5.99230610596936
"30",5.66051324930723,3.22926075069564,8.41616448652865,7.58776433839559,6.26057602958009,7.61351797186369,5.7962611375032,5.64571121258923,8.41478460604587,7.87159090969524,8.66472691507451,3.66114249673707,5.52723797729755,6.65667744521418,6.90559423267331,2.70000781707003,7.57209532623985,7.24550368246052,4.80828700013677,7.2447742818471,2.9826298649797,5.20719954091546,5.93382475431798,8.23993327574992,7.86019654116376,6.99833964206345,5.68106286441523,4.10472550932703,3.43987990387012,3.01148337098024,3.62207165409317,5.58337167300894,4.48678665456575,3.6744530791218,6.3900203290381,3.43372063463952,6.90297527035193,4.74137552521867,6.83353819137328,6.38621260810516,5.32935045930375,3.97378905434161,7.79807356662489,4.18993179396529,4.98022469953135,4.08512042823092,7.93898338638138,8.59273789665915,7.79836296986044,4.34834578882191,4.04941342013315,3.84285171036456,6.80232481315935,7.11691863815402,6.94450113825059,5.06553141524071,5.77663276378292,3.63701170278294,7.36215201151188,5.49585473681917,9.05328604984794,9.12900821284052,4.18292606810579,5.99253718924485
"31",5.6609364933523,3.22846484560374,8.41731044509429,7.58799736391863,6.26085268722306,7.61372926289118,5.79669954030978,5.64623002483287,8.41489001340137,7.87182204608506,8.66492881632271,3.66012389949912,5.52743661963174,6.65678097159473,6.90586964061191,2.69821505696019,7.57223435184795,7.24572956644413,4.8086065882058,7.24526755656359,2.98257282380424,5.20746387710668,5.93455019010525,8.24066954354057,7.86054905056843,6.99870394293509,5.68137980132911,4.10481955732462,3.43982555435322,3.01181740266377,3.6212469030434,5.58363089600167,4.48713483170113,3.67470882729216,6.38923851267823,3.43262664920726,6.90330215979336,4.74167150497329,6.83380337541162,6.38666503069104,5.33018822164455,3.97315149954866,7.79832456629406,4.18971277619129,4.98060498579401,4.08526805987935,7.93923304335831,8.5928756522289,7.79862992423697,4.3484036057781,4.0498036450801,3.8432313449347,6.80250644196155,7.12454637526337,6.94472263703211,5.06562279215937,5.77686687497328,3.63717644551952,7.36251432123922,5.49602233184994,9.05390183069432,9.12978768463648,4.1832950303697,5.99272377599469
"32",5.661274264105,3.2278113555019,8.41825931330291,7.5881934588653,6.26107494735411,7.61389754293435,5.79705317193605,5.64665335724724,8.41497623039294,7.8720070771996,8.66510472027129,3.65927368488301,5.52759488825922,6.65686204428301,6.90609228475718,2.69675773567279,7.57236149984729,7.24591222465828,4.80885583551146,7.24566954562889,2.98252144292993,5.20767761889051,5.93514650141496,8.24126007384026,7.86083483860821,6.99899930708626,5.68163651961662,4.10489305844029,3.43977637484624,3.01207876030493,3.62055817630333,5.58384049840391,4.4874171211296,3.67491062186393,6.38858562751251,3.43171604992108,6.90356743912012,4.7419057077277,6.83401522040381,6.38703192212741,5.33086984381915,3.97261602022496,7.79854053250732,4.18952742063394,4.98090407796593,4.08538458572099,7.93945201251615,8.59298407175816,7.79886111965253,4.34844690744636,4.05011908742574,3.84353651993201,6.80265317590343,7.13049277556086,6.9449005704606,5.06569503338254,5.77705542204805,3.63730754845738,7.36280217879331,5.49616352138451,9.05439581764353,9.13045480360244,4.183591370273,5.99287447760327
"33",5.66154414164248,3.22727584280751,8.41903802489613,7.58835832718883,6.26125392885422,7.61403190952626,5.7973386547513,5.64699850740122,8.41504750864156,7.87215565951176,8.6652574243066,3.65856440079438,5.52772096181756,6.65692542059573,6.90627254001118,2.69557439867835,7.57247671351097,7.24606004480804,4.80905060117358,7.2459974673225,2.98247575126249,5.20785070136357,5.93563658152886,8.24173366647905,7.86106656041066,6.99923880012456,5.68184457211151,4.10495041652646,3.43973247947107,3.01228364202182,3.61998381003,5.58401022546544,4.4876460118076,3.67507001167887,6.38804111249927,3.43095928078478,6.90378294867378,4.74209134724082,6.83418479191949,6.38732962413862,5.33142376926101,3.97216696951534,7.79872582864547,4.18937118302349,4.98113967592802,4.08547651110075,7.939641758354,8.59307010718334,7.79905977953368,4.34847913473915,4.05037407822166,3.84378222355322,6.80277208861367,7.13512753021732,6.94504373867665,5.06575195168303,5.77720734153774,3.63741167537507,7.36303126369452,5.49628241501202,9.05479207334664,9.13101788597452,4.18382976202319,5.99299625165408
"34",5.66176000930898,3.22683758130152,8.41967259733891,7.58849678364921,6.26139837096335,7.61413946617201,5.79756927201079,5.64727972818932,8.41510687956745,7.87227530515206,8.66538943736971,3.65797310147534,5.52782140050578,6.65697489880537,6.90641866952754,2.69461411400485,7.57258003786545,7.24617976845689,4.80920307266626,7.24626516576812,2.98243554975181,5.20799104099807,5.93603927402291,8.2421134321103,7.86125450178924,6.99943304485384,5.68201328747555,4.10499511127434,3.43969374064357,3.0124445360485,3.61950549973708,5.58414784198666,4.4878316573418,3.67519607110159,6.38758761223236,3.43033127466328,6.90395819027815,4.74223876941258,6.83432077146144,6.38757134896749,5.33187346730503,3.97179094710661,7.79888439227133,4.18923995338232,4.98132552690267,4.08554899363055,7.93980447388081,8.59313889240818,7.79922922524076,4.34850294733495,4.05058020524028,3.84398029271891,6.80286871307565,7.13874165318606,6.94515910632776,5.0657966714031,5.7773298116869,3.63749425446175,7.3632138468615,5.49638247247389,9.05510990801042,9.13148768015643,4.18402178797591,5.99309470853645
"35",5.66193285475584,3.22647920731692,8.42018684462773,7.58861290792348,6.26151516784606,7.61422577159417,5.79775566824974,5.64750873756581,8.41515656707813,7.87237188844953,8.66550306185452,3.65748055750288,5.52790144900636,6.65701349297479,6.90653727326824,2.69383502563143,7.57267173532969,7.24627681510476,4.80932263977492,7.24648381880207,2.98240049310074,5.2081049634327,5.93637009269812,8.24241791670585,7.86140700459392,6.99959065900699,5.68215019509325,4.10502988719458,3.43965987277249,3.0125710957662,3.61910775480394,5.58425955213961,4.4879822945013,3.67529592101013,6.38721044906017,3.42981082347655,6.9041008061791,4.74235607125169,6.83442999313543,6.38776776810578,5.33223824983262,3.97147650751816,7.79901973956442,4.18913006765771,4.98147233382159,4.08560611946289,7.93994276770016,8.59319424858406,7.79937278135774,4.34852039522512,4.05074683770544,3.84414011998327,6.8029474043921,7.1415625263189,6.94525219904171,5.06583172759767,5.77742859596122,3.63755967799835,7.36335956328834,5.49646660942166,9.05536481775262,9.13187590719825,4.18417663092071,5.99317436662045
"36",5.6620713896521,3.22618630098253,8.42060177905974,7.58871016544944,6.26160977762276,7.61429518600375,5.79790639204342,5.64769515025264,8.41519825599006,7.87245002568903,8.66560042880382,3.65707062942203,5.52796528878311,6.65704358258791,6.90663363662592,2.6932029367687,7.57275230267691,7.24635554340691,4.80941655505759,7.24666248162346,2.98237015215,5.20819753623631,5.93664181053368,8.24266200360277,7.86153082271594,6.99971862169518,5.68226137059334,4.10505690545232,3.43963049637772,3.01267080235088,3.61877746737085,5.58435032599253,4.48810459361422,3.67537514389559,6.38689720792368,3.42938003387551,6.90421695546188,4.74244959178188,6.83451785374134,6.38792749690915,5.33253396258892,3.97121390164498,7.79913498861534,4.18903829977125,4.98158844779785,4.08565112363924,7.94005941269778,8.59323904680506,7.79949367161009,4.34853305338442,4.05088155081356,3.84426918896885,6.80301161126072,7.14376699819032,6.94532741144459,5.0658591601317,5.77750832128252,3.63761147956739,7.36347600020686,5.49653728817019,9.05556923796241,9.13219422360464,4.1843015995371,5.99323886226493
"37",5.66218253173294,3.2259469606873,8.4209354622456,7.58879150347721,6.2616865363705,7.6143511382644,5.79802832010954,5.64784684128733,8.41523326437787,7.8725133614457,8.66568350862004,3.65672976261938,5.52801624636436,6.65706703816379,6.90671200247091,2.69269001825026,7.57282243536238,7.24641946110223,4.80949043396656,7.24680850887962,2.98234405967603,5.20827282876815,5.93686494279212,8.24285763710072,7.86163141793219,6.99982257807189,5.68235171641512,4.10507786527954,3.43960518540144,3.01274946773341,3.61850355950103,5.58442415447352,4.48820394988822,3.67543811402698,6.38663739829097,3.42902385196261,6.90431161095923,4.74252429851461,6.83458862746689,6.38805749061453,5.33277357195177,3.97099484730987,7.79923289071817,4.1889618392847,4.98168039795115,4.08568656558545,7.94015716244485,8.59327546752449,7.79959493292144,4.34854212750124,4.05099046883411,3.84437348290575,6.80306408014848,7.14549225863202,6.94538824685807,5.06588059888873,5.77757270253647,3.63765248779332,7.36356914731889,5.49659659289866,9.05573314795833,9.13245356240116,4.18440253001358,5.99329112123608
"38",5.66227178149871,3.22575140509861,8.42120312393259,7.58885942886306,6.26174890003658,7.61439633217893,5.7981269911542,5.64797025071952,8.41526265338261,7.87256478568609,8.66575411137248,3.656446573723,5.52805696386386,6.65708532503914,6.90677578427312,2.692273680687,7.57288297008433,7.24647139337835,4.80954863448672,7.24692788574162,2.98232174258874,5.20833411588328,5.93704814423222,8.24301440293436,7.86171320400791,6.99990709086542,5.68242518914745,4.1050941007393,3.43958350072691,3.01281161741362,3.61827668664461,5.58448424922193,4.48828472391421,3.67548825905958,6.38642217131742,3.42872964737806,6.90438879427034,4.74258408992139,6.83464570842937,6.38816336607308,5.33296766191467,3.97081232609052,7.79931586386983,4.18889825976778,4.98175329822338,4.08571446876703,7.94023862875525,8.59330518571142,7.7996793565475,4.34854853692586,4.05107854241784,3.84445779885612,6.80310700971118,7.14684460698316,6.94543750426319,5.06589733844586,5.77762472321149,3.63768495739017,7.36364374338648,5.49664629100606,9.05586455620109,9.13266377155551,4.18448409533116,5.99333349777877
"39",5.66234351770499,3.2255916185776,8.42141742236866,7.58891607233242,6.26179963152794,7.61443290589396,5.79820687032274,5.64807063791015,8.41528729715615,7.87260659928713,8.66581388477356,3.6562115077108,5.52808953752657,6.65709958798583,6.90682773369574,2.69193561646624,7.57293482429217,7.2465136177288,4.8095945461115,7.24702548997724,2.98230274342122,5.20838403821423,5.93719853627822,8.24313999396375,7.86177974679781,6.99997584670916,5.68248498332178,4.10510665766139,3.43956501281761,3.01286078271895,3.61808898412956,5.58453319982715,4.48835043893343,3.6755282663807,6.38624407890116,3.42848685021387,6.90445176242155,4.74263203115735,6.83469179842484,6.38824966197834,5.33312485308942,3.97066040426612,7.79938602565286,4.18884548214731,4.98181116078118,4.08573643176084,7.9403062087329,8.59332950299931,7.79974945569499,4.34855297964998,4.05114977284225,3.84452599138073,6.8031421683222,7.14790639229404,6.94547742453122,5.06591040193264,5.77766678043753,3.63771067925031,7.3637035444611,5.49668788303568,9.05596988961308,9.13283346508444,4.18455004525329,5.99336788694206
"40",5.66240122985925,3.22546104480557,8.42158876410233,7.58896324250126,6.26184094597865,7.61446255519852,5.79827155974838,5.64815229295672,8.4153079278767,7.87264064092493,8.66586431384687,3.65601655098256,5.52811562953607,6.65711071944996,6.90687007287051,2.6916610007436,7.57297894260235,7.24654797189829,4.80963081045156,7.24710530102496,2.98228663369372,5.20842472874252,5.93732197680553,8.24324058381493,7.86183392736226,7.00003182444882,5.68253367969307,4.10511635470022,3.43954931607549,3.01289972463533,3.6179338484777,5.58457309798994,4.48840394173634,3.67556024515078,6.38609686635813,3.42828663554088,6.90450315659401,4.74267053726659,6.83472905288119,6.38832004868395,5.33325215397793,3.97053407589159,7.79944522429106,4.18880173630489,4.98185713819378,4.08575371655032,7.94036204887607,8.59334944223498,7.79980745496259,4.3485559831045,4.05120739345395,3.84458116298148,6.80317098414729,7.14874144190105,6.94550980513472,5.06592059460128,5.77770080127094,3.63773107178305,7.36375153247144,5.49672264352428,9.0560543059413,9.13297001393897,4.18460339389852,5.99339581501162
"41",5.66244770159962,3.22535432736457,8.42172563330248,7.58900247190444,6.26187462400468,7.6144866290202,5.79832396685162,5.64821871185667,8.41532516542868,7.87266838488485,8.66590672380711,3.65585498972896,5.52813655771782,6.65711941408658,6.90690459916493,2.69143783312661,7.57301625432001,7.24657594027109,4.80965949015255,7.2471705678545,2.98227302132458,5.20845791309756,5.93742328274074,8.2433211266976,7.86187807433181,7.00007743180522,5.68257336466957,4.10512383171712,3.43953603710536,3.01293060577116,3.61780574817181,5.58460563590645,4.48844753329759,3.67558585307418,6.38597529330687,3.42812165084429,6.90454512097948,4.74270151537528,6.83475919477971,6.38837749702639,5.3333552537564,3.97042912602864,7.79949506747228,4.18876552322575,4.98189371109334,4.08576731867817,7.94040803515299,8.59336581548039,7.79985529586717,4.34855794376962,4.05125401654373,3.84462581401581,6.80319461469155,7.14939927598655,6.94553609040668,5.06592854807584,5.77772833583746,3.63774725588539,7.36379007811771,5.49675165476375,9.0561219443764,9.13307962046162,4.18464656730979,5.99341851215449
"42",5.66248515561439,3.22526709304089,8.42183490266626,7.58903505657118,6.26190210036198,7.61450620351477,5.79836643926997,5.64827274116399,8.41533953776059,7.87269101686914,8.66594228626853,3.65572120565355,5.52815336715572,6.65712621201918,6.90693276843901,2.69125639967433,7.57304764280833,7.24659872302264,4.80968219861393,7.24722394442084,2.98226155383405,5.20848498929905,5.93750641375855,8.24338559801271,7.86191407094243,7.00011461594646,5.68260572638926,4.10512958806443,3.43952483864556,3.01295512287413,3.61770006001769,5.58463218448435,4.48848307446181,3.67560639529204,6.3858749789207,3.42798578188142,6.90457939802291,4.74272647502873,6.83478360391236,6.38842441400315,5.33343876496962,3.97034201216715,7.79953694888849,4.18873557919273,4.98192283395542,4.0857780229503,7.9404458000877,8.59337927331662,7.79989465310455,4.3485591579718,4.05129175226542,3.84466196144554,6.80321400090699,7.14991836483977,6.94555744277391,5.06593475644165,5.77775063189967,3.637760115906,7.36382106854139,5.49677583502885,9.05617612664044,9.1331674363875,4.18468152021567,5.99343697069114
"43",5.66251536834823,3.22519577247015,8.42192211221554,7.58906209022728,6.26192453363061,7.61452213967041,5.79840087326949,5.64831669710689,8.41535149560033,7.87270949306739,8.6659720282162,3.6556105029348,5.52816688714069,6.65713153294751,6.90695576141467,2.69110883556773,7.57307392560701,7.24661729150317,4.80970019988767,7.24726759939282,2.98225191869314,5.20850709135172,5.93757462385198,8.2434371874645,7.86194344136998,7.00014495271662,5.68263213195351,4.10513401283734,3.43951542053093,3.01297460924259,3.6176129280444,5.58465385571773,4.48851207122275,3.67562290138051,6.38579226854866,3.42787395264098,6.90460740493067,4.74274661386884,6.83480338705947,6.38846275176383,5.333506423706,3.970269761906,7.79957207257444,4.18871084289441,4.9819460486014,4.08578644763498,7.94047674008172,8.59339034097517,7.79992695715728,4.34855984575264,4.05132230491749,3.84469123338887,6.80322990960738,7.15032863997547,6.94557479913906,5.06593960537341,5.77776869454302,3.63777034882183,7.36384600769014,5.49679596243437,9.05621951834324,9.13323769776356,4.18470982885744,5.99345199180122
"44",5.66253976091201,3.22513745260228,8.42199171102654,7.58908449391309,6.26194286120098,7.61453512820775,5.79842880098311,5.6483524634223,8.41536142372494,7.8727245864262,8.66599684292735,3.65551896157022,5.52817777631407,6.65713570290824,6.90697453673626,2.69098877082062,7.57309584340548,7.24663243262894,4.8097144858185,7.24730330530034,2.9822438418309,5.20852514010734,5.93763058634955,8.24347845406867,7.86196742025083,7.00016971851336,5.68265368949671,4.10513740874501,3.43950751871493,3.01299011408125,3.61754114232118,5.58467155257162,4.48853574341516,3.67563618524379,6.38572411917169,3.4277819552885,6.90463029526478,4.7427628842575,6.83481943334299,6.38849409517237,5.33356125398413,3.97020988503974,7.79960147515558,4.18869042586179,4.98196457274836,4.08579307950457,7.94050203811643,8.59339944515952,7.79995341993986,4.34856016930582,4.0513470508778,3.84471494471978,6.80324296695905,7.1506534279155,6.94558891563081,5.06594339544171,5.77778333395522,3.63777850363434,7.36386609541538,5.49681269527547,9.05625425846778,9.13329386027944,4.18473276507314,5.99346422294774
"45",5.6625594712124,3.22508975583485,8.42204726198877,7.58910304162559,6.26195784282603,7.61454572467817,5.79845146068401,5.64838157152712,8.41536965006394,7.87273692307359,8.66601750202476,3.65544331313394,5.5281865583698,6.6571389751893,6.90698987350287,2.69089104384993,7.57311405580064,7.24664478449676,4.80972583575971,7.24733251111337,2.98223708503756,5.20853988404938,5.93767649698189,8.24351145058621,7.86198700861051,7.00018994812844,5.68267129807511,4.10514001091945,3.43950090310165,3.01300246414229,3.61748203533534,5.58468600898124,4.48855507998914,3.67564689169672,6.3856680014437,3.4277063062469,6.90464900862702,4.74277604518463,6.83483245801368,6.38851973219047,5.3336057022463,3.97016029830885,7.79962604611187,4.18867358633586,4.98197936921789,4.08579830159203,7.94052268852465,8.59340693424462,7.79997506114752,4.34856024716766,4.05136710166272,3.84473415770792,6.80325368510432,7.15091093920281,6.94560040321396,5.06594636062812,5.77779520368695,3.63778501274827,7.36388228993822,5.49682658947702,9.05628206328941,9.13333872565059,4.18475135560256,5.99347418786786
"46",5.66257541123683,3.22505074125225,8.42209161235974,7.58911838247982,6.26197009524076,7.61455437698647,5.79846985343238,5.6484052660854,8.41537645336356,7.87274701112925,8.66603466795473,3.65538083563509,5.52819365024501,6.65714154662515,6.90700240544305,2.69081147016327,7.57312914192391,7.24665486498791,4.80973486290763,7.24735640142025,2.98223144278469,5.20855193207402,5.93771415880617,8.24353782342138,7.86200301884217,7.00020648127226,5.68268568778322,4.10514200171312,3.43949537472093,3.0130123117128,3.61743339377508,5.58469782200082,4.48857088346931,3.67565553271772,6.38562181627297,3.42764412487506,6.90466431080495,4.74278670280497,6.83484303717994,6.38854071049986,5.33364174705016,3.97011926120671,7.79964654615281,4.1886597064662,4.98199120011691,4.08580241515551,7.94053952169105,8.59341309372046,7.79999273377134,4.34856016509865,4.05138335492464,3.84474973077491,6.80326248345544,7.15111541559663,6.94560975609404,5.06594868294725,5.77780483130592,3.63779021684501,7.36389535726579,5.49683811361779,9.05630430978386,9.13337455446365,4.18476642967089,5.99348231061702
"47",5.66258831258971,3.22501882405548,8.42212703407994,7.58913105981128,6.26198011977329,7.61456144704507,5.79848478875805,5.64842455854052,8.41538206981722,7.87275526359313,8.66604890633525,3.6553292646708,5.52819938435852,6.65714357026364,6.90701264843304,2.69074665564296,7.57314160432412,7.24666309476836,4.8097420503297,7.2473759447292,2.98222673881873,5.20856177989378,5.93774505214361,8.24355889282614,7.86201611088381,7.00021999999864,5.68269745203441,4.10514352232257,3.43949076261417,3.01302017204871,3.61739338374007,5.58470747769728,4.48858380571729,3.67566251569768,6.38558382407696,3.4275930315488,6.90467682625976,4.74279534217586,6.83485163541778,6.38855788310166,5.33367098830039,3.97008532138353,7.79966362379364,4.1886482726196,4.98200066931694,4.08580565704252,7.94055322738946,8.59341815817704,7.80000714784857,4.34855998439486,4.05139653567263,3.8447623577626,6.80326970581797,7.15127801483596,6.94561737442449,5.06595050393859,5.77781264297224,3.63779438452315,7.36390591034078,5.49684766188589,9.05632210257845,9.13340316390498,4.18477865723354,5.99348893485884
"48",5.66259876272057,3.22499270988954,8.42215533814249,7.58914152758955,6.26198832443527,7.61456722787003,5.79849692151189,5.64844027075906,8.4153866988867,7.87276201660341,8.66606069777434,3.65528671847453,5.52820402614754,6.65714516519563,6.9070210226973,2.69069384583113,7.57315187483242,7.24666981580526,4.80974777903335,7.24739193291889,2.98222282276246,5.20856983134449,5.93777039214409,8.2435757172958,7.86202682133115,7.00023105882284,5.68270707355969,4.10514468190408,3.43948692067538,3.01302645262963,3.61736048757972,5.58471537204501,4.4885943767119,3.67566816548974,6.38555258501387,3.4275510622994,6.90468706445176,4.74280235217277,6.83485862776813,6.38857194508227,5.33369471968392,3.97005726833777,7.79967783022344,4.18863885851466,4.98200825580427,4.08580821340326,7.94056437605711,8.5934223207357,7.80001889195584,4.34855974820992,4.05140722957262,3.84477259959606,6.80327563422448,7.15140749393339,6.94562358249566,5.06595193366311,5.7778189831553,3.63779772776043,7.36391444009596,5.49685556524873,9.05633632769746,9.13342601057236,4.18478857975328,5.99349433935425
"49",5.66260723377089,3.22497134133446,8.42217796716229,7.58915016447413,6.26199504164582,7.61457195712518,5.79850678159884,5.64845307057029,8.41539050844159,7.87276754405471,8.66607044889538,3.6552516347984,5.52820778789845,6.65714642417373,6.90702787074923,2.69065080424161,7.57316032145546,7.24667530629216,4.80975234987272,7.24740501347398,2.98221956687098,5.20857641560775,5.93779117614365,8.24358914527268,7.8620355868842,7.00024010897718,5.68271494536818,4.10514556471078,3.43948372460286,3.01303147606,3.61733345073682,5.58472182781498,4.48860302772735,3.67567274165619,6.38552690866332,3.42751659750748,6.90469544119722,4.7428080451024,6.83486431729682,6.38858346329468,5.33371398737131,3.97003409423294,7.7996896325609,4.18863111087279,4.98201433989576,4.08581023051033,7.94057343770164,8.59342574056376,7.80002845225497,4.3485594863427,4.05141590983554,3.84478090983352,6.80328050015469,7.15151073770576,6.94562864333151,5.06595305772441,5.7778241304653,3.63780041405855,7.36392134011472,5.49686210107028,9.05634769570904,9.13344425952891,4.18479663499008,5.9934987504111
"50",5.66261410556306,3.2249538543098,8.42219606990153,7.58915728580998,6.26200054248956,7.6145758278893,5.79851479797101,5.64846350067839,8.41539363929564,7.87277206934087,8.66607850241677,3.65522271785603,5.52821083966104,6.6571474195134,6.90703347191112,2.69061571406364,7.5731672556174,7.246679792694,4.80975600067398,7.24741571583204,2.98221686302678,5.20858180115251,5.93780822260715,8.24359985665883,7.86204276324883,7.00024751796368,5.68272138766471,4.10514623567134,3.43948106905338,3.01303549802361,3.61731123715047,5.584727108246,4.48861011001759,3.6756764519898,6.38550581179427,3.42748830247427,6.90470229601192,4.74281267218334,6.83486894913702,6.38859290035125,5.33372963752621,3.97001496081678,7.79969942560068,4.18862473727697,4.98201922387075,4.08581182328706,7.94058079839105,8.59342854892547,7.80003622909896,4.34855921884549,4.05142295891857,3.84478765529267,6.80328449366524,7.15159316829376,6.94563277042295,5.06595394273523,5.77782831037607,3.63780257596796,7.3639269262339,5.49686750137364,9.05635677636524,9.13345884119347,4.18480317698103,5.99350235190169
"51",5.66261968393663,3.2249395425506,8.42221056102651,7.58916315383081,6.26200504821354,7.61457899724407,5.79852131799177,5.648472002165,8.41539620919612,7.87277577481576,8.66608514621865,3.6551988937999,5.52821331786893,6.65714820766193,6.90703805408091,2.69058709871622,7.5731729392917,7.2466834594793,4.80975891964258,7.24742447292059,2.98221462001559,5.20858620703516,5.93782220313875,8.24360839614549,7.86204864039139,7.00025358533274,5.68272666151975,4.10514674474314,3.43947886504737,3.01303872137971,3.61729299194309,5.58473142812562,4.48861590989434,3.67567946314056,6.38548848301879,3.42746507799087,6.90470790620836,4.74281643579724,6.83487272173711,6.38860063404343,5.33374235471834,3.96999917154906,7.79970754215983,4.18861949594447,4.98202314822613,4.08581308202388,7.94058677442998,8.59343085409607,7.80004255132693,4.34855895872945,4.05142868603377,3.84479313270633,6.80328777083823,7.15165906303662,6.9456361371738,5.06595464056559,5.77783170545837,3.63780431855074,7.36393145214098,5.49687195992083,9.05636402641321,9.13347049778113,4.18480849215094,5.99350529333244
"52",5.66262421538637,3.22492782865223,8.4222221688771,7.58916798631039,6.26200873951762,7.61458159314571,5.79852662306588,5.64847893358304,8.41539831631301,7.87277880943535,8.66609062139055,3.65517927342283,5.52821533215636,6.65714883273606,6.90704180327898,2.69056375759807,7.57317759173303,7.24668645699261,4.80976125587427,7.24743163876355,2.98221276109652,5.20858981206905,5.93783366878494,8.24361519997083,7.86205345486463,7.00025855543092,5.68273097992807,4.1051471303036,3.43947703764362,3.01304130724423,3.61727801027783,5.58473496278164,4.48862066090928,3.67568190898879,6.38547425328166,3.42744601929505,6.9047124983634,4.74281949920835,6.83487579588345,6.38860697307976,5.3337526929596,3.96998614816132,7.7997142621384,4.18861518714394,4.98202630449668,4.08581407766333,7.94059162441046,8.59343274537951,7.80004768844401,4.34855871398115,4.05143334127061,3.84479758217343,6.80329045987091,7.15171180166282,6.94563888451568,5.06595519164,5.77783446361791,3.63780572522597,7.36393512179547,5.49687563826152,9.05636981192371,9.13347982094669,4.18481281230727,5.993507696352
"53",5.66262789875854,3.22491824046118,8.42223147356733,7.58917196387592,6.26201176407613,7.61458371993945,5.79853094125798,5.6484845864621,8.41540004227187,7.87278129494461,8.66609512929623,3.65516312096105,5.52821697075654,6.65714932926177,6.90704487140148,2.6905447140934,7.57318139564394,7.24668890782958,4.80976312760589,7.24743750287476,2.98221122186148,5.2085927622726,5.93784307164137,8.2436206174,7.86205739977942,7.00026262771262,5.68273451676513,4.1051474217876,3.43947552388337,3.01304338371126,3.61726571142136,5.58473785538552,4.48862455370828,3.67568389725905,6.38546257127564,3.42743038204435,6.90471625765337,4.74282199429301,6.83487830194824,6.38861216985566,5.33376110076775,3.96997541097791,7.79971982041037,4.18861164601479,4.98202884537661,4.08581486595557,7.94059555936432,8.59343429640934,7.800051860913,4.34855848905614,4.05143712698523,3.84480119802237,6.80329266606244,7.15175405886976,6.9456411270545,5.06595562749445,5.77783670473298,3.63780686234881,7.36393809933017,5.49687867088533,9.05637442621764,9.13348728213265,4.18481632512469,5.99350966000607
"54",5.66263089460528,3.22491039181724,8.42223893732471,7.58917523617333,6.26201424263788,7.61458546279728,5.79853445748173,5.64848919789611,8.41540145477327,7.87278333089612,8.66609883771849,3.65514982803928,5.52821830478325,6.65714972429724,6.90704738252309,2.69052917346834,7.57318450269919,7.24669091200477,4.80976462869972,7.24744230202491,2.98220994836823,5.20859517692456,5.93785078259739,8.24362492796665,7.86206063288167,7.0002659650912,5.68273741404899,4.10514764173529,3.4394742709916,3.01304505272532,3.61725561718279,5.58474022288982,4.48862774401227,3.67568551475773,6.38545298299924,3.42741755414385,6.90471933545804,4.7428240277003,6.83488034571906,6.38861643082668,5.33376794140105,3.96996656242078,7.79972441366037,4.18860873657542,4.98203089271835,4.08581549072375,7.94059875125479,8.59343556787042,7.80005524879076,4.34855828597685,4.05144020698491,3.84480413758474,6.80329447590281,7.15178795463358,6.9456429580372,5.06595597275834,5.77783852600689,3.63780778279941,7.36394051695065,5.49688116959748,9.05637810425779,9.13349325693425,4.1848191826062,5.9935112649851
"55",5.66263333267297,3.22490396683892,8.42224492862189,7.5891779270513,6.26201627398073,7.61458689129797,5.79853732172931,5.64849296076046,8.4154026098414,7.87278499872784,8.6661018861621,3.6551388919406,5.52821939163271,6.65715003907895,6.90704943802433,2.69051648875514,7.57318703841027,7.24669255114493,4.80976583374534,7.247446229861,2.98220889552476,5.20859715349058,5.93785710590561,8.24362835531056,7.86206328310236,7.00026870071034,5.68273978783437,4.10514780737941,3.43947323481648,3.01304639550225,3.61724733401981,5.5847421608591,4.48863035908853,3.67568683153046,6.38544511478764,3.42740703244845,6.90472185555798,4.74282568577254,6.83488201309315,6.3886199249441,5.33377350919238,3.96995927320352,7.79972820627853,4.18860634673424,4.98203254385982,4.08581598642835,7.94060134003725,8.59343660974805,7.80005799893436,4.34855810513274,4.05144271393481,3.84480652828143,6.80329596042844,7.15181517174128,6.94564445336941,5.06595624669063,5.77784000628754,3.63780852879865,7.36394248124343,5.49688322722413,9.05638103420209,9.13349804459922,4.18482150791274,5.9935125770616
"56",5.66263531790269,3.22489870709514,8.42224974135655,7.58918013890992,6.26201793894108,7.61458806232191,5.79853965572003,5.64849603200456,8.415403553743,7.8727863650812,8.66610439039958,3.65512989750662,5.52822027769107,6.6571502902992,6.9070511207659,2.69050613309194,7.57318910635122,7.24669389189454,4.80976680207798,7.24744944477022,2.98220802570047,5.20859877163445,5.93786229114225,8.24363107828149,7.86206545587534,7.00027094344079,5.68274173300163,4.10514793187366,3.43947237848486,3.01304747680968,3.61724053821008,5.58474374740297,4.48863250300405,3.67568790416992,6.38543865924739,3.42739840351627,6.90472391918808,4.74282703848291,6.83488337386178,6.38862279052166,5.33377804273501,3.96995327079197,7.79973133542045,4.18860438414355,4.98203387663442,4.08581638018014,7.94060343950185,8.59343746318917,7.80006023098531,4.34855794585744,4.05144475533174,3.844808473346,6.80329717797804,7.15183704785783,6.94564567486831,5.06595646437053,5.77784120955612,3.63780913411982,7.36394407821807,5.49688492074144,9.05638336667734,9.13350188359697,4.18482340087727,5.99351364987464
"57",5.66263693524297,3.22489440112939,8.42225361008942,7.58918195634073,6.26201930369494,7.6145890223965,5.7985415582734,5.64849853938232,8.41540432461637,7.87278748450424,8.66610644634552,3.6551225020794,5.5282210004934,6.65715049109854,6.90705249848907,2.69049767728336,7.57319079178939,7.24669498868399,4.80976758094688,7.2474520763086,2.98220730753871,5.20860009648598,5.93786654302421,8.24363323984792,7.86206723745953,7.00027278234726,5.68274332715124,4.10514802524179,3.4394716712505,3.01304834835052,3.61723496357827,5.58474504638044,4.48863426089467,3.6756887784532,6.38543336361315,3.42739132772308,6.90472560916024,4.74282814259226,6.83488448476427,6.38862514083036,5.33378173552808,3.96994832977177,7.79973391533267,4.18860277275922,4.98203495334164,4.08581669331969,7.94060514208909,8.59343816204355,7.80006204231893,4.34855780684,4.05144641832326,3.84481005644759,6.8032981764568,7.15185464777277,6.94564667289857,5.06595663762095,5.77784218774674,3.63780962582845,7.36394537734118,5.49688631391119,9.05638522222248,9.13350496402787,4.18482494245761,5.99351452718774
"58",5.66263825351385,3.22489087590187,8.42225672214867,7.5891834491674,6.26202042243225,7.61458980959997,5.79854310965301,5.64850058691549,8.41540495384743,7.87278840165613,8.6661081333423,3.65511642298792,5.52822159044818,6.65715065183751,6.90705362658742,2.6904907715866,7.57319216477739,7.24669588598132,4.80976820801586,7.24745423045637,2.98220671494604,5.20860118130479,5.93787002946584,8.24363495424317,7.86206869845536,7.00027429032225,5.68274463377379,4.10514809510964,3.43947108751211,3.01304905144003,3.61723039134987,5.58474611001175,4.48863570243816,3.67568949144909,6.38542902012043,3.42738552616148,6.9047269932281,4.74282904418417,6.83488539195489,6.38862706866079,5.33378474457338,3.96994426381735,7.79973604103623,4.18860144998994,4.98203582389707,4.08581694265644,7.94060652284559,8.59343873414008,7.80006351212425,4.34855768641326,4.05144777359631,3.84481134542561,6.8032989951972,7.15186882019095,6.94564748851012,5.06595677572494,5.77784298302684,3.63781002565343,7.36394643476677,5.49688745949535,9.05638669726178,9.13350743750182,4.18482619833352,5.9935152447215
"59",5.66263932851222,3.22488798979647,8.42225922724557,7.58918467498144,6.26202133953866,7.61459045510913,5.79854437507957,5.64850225932896,8.41540546722704,7.87278915310654,8.66610951693447,3.65511142715972,5.52822207221741,6.65715078069763,6.90705455036704,2.69048513091959,7.57319328276653,7.24669662012524,4.80976871333888,7.24745599391431,2.98220622623542,5.20860206965278,5.9378728881903,8.24363631269617,7.86206989666853,7.00027552704485,5.68274570483238,4.10514814726895,3.43947060597951,3.01304961912607,3.61722664177152,5.58474698100861,4.48863688468211,3.67569007320489,6.38542545805337,3.42738076984421,6.90472812683413,4.74282978070387,6.83488613299754,6.38862865004643,5.33378719731959,3.96994091900359,7.79973779145264,4.18860036433765,4.98203652833369,4.0858171414406,7.9406076426649,8.59343920234335,7.8000647047573,4.34855758275217,4.05144887851614,3.84481239530713,6.80329966648862,7.15188024244898,6.94564815517294,5.06595688598213,5.77784362964264,3.63781035106933,7.36394729592581,5.4968884011127,9.05638786889758,9.13350942499575,4.18482722181312,5.99351583164229
"60",5.6626402055099,3.22488562690473,8.42226124511483,7.58918568125294,6.26202209137684,7.61459098445945,5.79854540757334,5.6485036256523,8.41540588592052,7.87278976880533,8.66611065120257,3.65510732250504,5.52822246582294,6.65715088414986,6.90705530689065,2.69048052284235,7.57319419280236,7.24669722081823,4.80976912092229,7.24745743761614,2.98220582340211,5.20860279716667,5.93787523215443,8.24363738802634,7.86207087944413,7.00027654139219,5.68274658286782,4.10514818611083,3.43947020896819,3.01305007786991,3.61722356719628,5.5847476943121,4.48863785434889,3.67569054809915,6.38542253718191,3.42737687081204,6.90472905535335,4.7428303826005,6.83488673847985,6.38862994730426,5.33378919727394,3.96993816824165,7.7997392320483,4.18859947344667,4.98203709879007,4.08581730012541,7.94060855093635,8.59343958542796,7.80006567249066,4.34855749400647,4.05144977966105,3.84481325074537,6.80330021683463,7.15188945578214,6.945648700186,5.0659569741412,5.77784415541349,3.63781061615259,7.36394799760384,5.49688917479221,9.0563887987552,9.13351102310059,4.18482805618224,5.99351631177257
"61",5.66264092126518,3.22488369235242,8.42226287158767,7.58918650708523,6.26202270774181,7.61459141857213,5.79854625025486,5.64850474214503,8.41540622727687,7.87279027328383,8.66611158071986,3.65510395077718,5.52822278753486,6.65715096732035,6.90705592648277,2.69047675778714,7.57319493335945,7.24669771234344,4.8097694499615,7.24745861960004,2.98220549151363,5.20860339300485,5.9378771539997,8.24363823832646,7.86207168557076,7.00027737340626,5.68274730271607,4.10514821495855,3.43946988180413,3.01305044888015,3.61722104638226,5.5847482785114,4.48863864971547,3.67569093592834,6.38542014234986,3.42737367481434,6.90472981592637,4.74283087465163,6.8348872333205,6.38863101151956,5.33379082853873,3.96993590665444,7.79974041706492,4.18859874249194,4.98203756109216,4.08581742696501,7.94060928770611,8.59343989880137,7.80006645776327,4.34855741838617,4.05145051487025,3.84481394799087,6.80330066798663,7.15189689318295,6.94564914582201,5.0659570447364,5.77784458294251,3.63781083226016,7.3639485696098,5.49688981027015,9.05638953606677,9.13351230898667,4.18482873660408,5.99351670457566
